image_filename,weight,foot,inch
410-090-0.png,90,4,10
410-090-1.png,90,4,10
410-090-2.png,90,4,10
410-090-3.png,90,4,10
410-090-4.png,90,4,10
410-090-5.png,90,4,10
410-100-0.png,100,4,10
410-110-0.png,110,4,10
410-120-0.png,120,4,10
410-160-0.png,160,4,10
410-170-0.png,170,4,10
410-190-0.png,190,4,10
410-190-1.png,190,4,10
410-190-2.png,190,4,10
411-090-0.png,90,4,11
411-090-1.png,90,4,11
411-090-2.png,90,4,11
411-100-0.png,100,4,11
411-100-1.png,100,4,11
411-100-2.png,100,4,11
411-100-3.png,100,4,11
411-110-0.png,110,4,11
411-120-0.png,120,4,11
411-120-1.png,120,4,11
411-120-2.png,120,4,11
411-130-0.png,130,4,11
411-130-1.png,130,4,11
411-150-0.png,150,4,11
411-170-0.png,170,4,11
411-190-0.png,190,4,11
411-210-0.png,210,4,11
411-230-0.png,230,4,11
411-230-1.png,230,4,11
500-090-0.png,90,5,0
500-090-1.png,90,5,0
500-090-2.png,90,5,0
500-090-3.png,90,5,0
500-090-4.png,90,5,0
500-100-0.png,100,5,0
500-100-1.png,100,5,0
500-100-2.png,100,5,0
500-100-3.png,100,5,0
500-110-0.png,110,5,0
500-110-1.png,110,5,0
500-120-0.png,120,5,0
500-120-1.png,120,5,0
500-120-2.png,120,5,0
500-120-3.png,120,5,0
500-120-4.png,120,5,0
500-120-5.png,120,5,0
500-120-6.png,120,5,0
500-120-7.png,120,5,0
500-130-0.png,130,5,0
500-130-1.png,130,5,0
500-130-2.png,130,5,0
500-130-3.png,130,5,0
500-130-4.png,130,5,0
500-130-5.png,130,5,0
500-130-6.png,130,5,0
500-140-0.png,140,5,0
500-140-1.png,140,5,0
500-140-2.png,140,5,0
500-140-3.png,140,5,0
500-140-4.png,140,5,0
500-140-5.png,140,5,0
500-150-0.png,150,5,0
500-150-1.png,150,5,0
500-150-2.png,150,5,0
500-150-3.png,150,5,0
500-160-0.png,160,5,0
500-160-1.png,160,5,0
500-160-2.png,160,5,0
500-160-3.png,160,5,0
500-170-0.png,170,5,0
500-180-0.png,180,5,0
500-210-0.png,210,5,0
500-220-0.png,220,5,0
500-220-1.png,220,5,0
500-230-0.png,230,5,0
500-240-0.png,240,5,0
500-240-1.png,240,5,0
501-090-0.png,90,5,1
501-090-1.png,90,5,1
501-090-2.png,90,5,1
501-090-3.png,90,5,1
501-090-4.png,90,5,1
501-090-5.png,90,5,1
501-090-6.png,90,5,1
501-100-0.png,100,5,1
501-100-1.png,100,5,1
501-100-2.png,100,5,1
501-100-3.png,100,5,1
501-100-4.png,100,5,1
501-100-5.png,100,5,1
501-110-0.png,110,5,1
501-110-1.png,110,5,1
501-110-2.png,110,5,1
501-110-3.png,110,5,1
501-110-4.png,110,5,1
501-110-5.png,110,5,1
501-110-6.png,110,5,1
501-110-7.png,110,5,1
501-110-8.png,110,5,1
501-110-9.png,110,5,1
501-110-10.png,110,5,1
501-110-11.png,110,5,1
501-110-12.png,110,5,1
501-110-13.png,110,5,1
501-110-14.png,110,5,1
501-120-0.png,120,5,1
501-120-1.png,120,5,1
501-120-2.png,120,5,1
501-120-3.png,120,5,1
501-120-4.png,120,5,1
501-120-5.png,120,5,1
501-130-0.png,130,5,1
501-130-1.png,130,5,1
501-130-2.png,130,5,1
501-130-3.png,130,5,1
501-130-4.png,130,5,1
501-130-5.png,130,5,1
501-140-0.png,140,5,1
501-140-1.png,140,5,1
501-140-2.png,140,5,1
501-140-3.png,140,5,1
501-140-4.png,140,5,1
501-140-5.png,140,5,1
501-150-0.png,150,5,1
501-150-1.png,150,5,1
501-150-2.png,150,5,1
501-150-3.png,150,5,1
501-150-4.png,150,5,1
501-150-5.png,150,5,1
501-150-6.png,150,5,1
501-160-0.png,160,5,1
501-160-1.png,160,5,1
501-160-2.png,160,5,1
501-160-3.png,160,5,1
501-160-4.png,160,5,1
501-170-0.png,170,5,1
501-180-0.png,180,5,1
501-190-0.png,190,5,1
501-190-1.png,190,5,1
501-190-2.png,190,5,1
501-210-0.png,210,5,1
501-210-1.png,210,5,1
501-210-2.png,210,5,1
501-210-3.png,210,5,1
501-220-0.png,220,5,1
501-230-0.png,230,5,1
501-230-1.png,230,5,1
501-230-2.png,230,5,1
502-090-0.png,90,5,2
502-100-0.png,100,5,2
502-100-1.png,100,5,2
502-110-0.png,110,5,2
502-110-1.png,110,5,2
502-110-2.png,110,5,2
502-110-3.png,110,5,2
502-110-4.png,110,5,2
502-110-5.png,110,5,2
502-110-6.png,110,5,2
502-110-7.png,110,5,2
502-110-8.png,110,5,2
502-110-9.png,110,5,2
502-110-10.png,110,5,2
502-110-11.png,110,5,2
502-110-12.png,110,5,2
502-110-13.png,110,5,2
502-110-14.png,110,5,2
502-110-15.png,110,5,2
502-110-16.png,110,5,2
502-110-17.png,110,5,2
502-120-0.png,120,5,2
502-120-1.png,120,5,2
502-120-2.png,120,5,2
502-120-3.png,120,5,2
502-130-0.png,130,5,2
502-130-1.png,130,5,2
502-130-2.png,130,5,2
502-130-3.png,130,5,2
502-130-4.png,130,5,2
502-130-5.png,130,5,2
502-130-6.png,130,5,2
502-130-7.png,130,5,2
502-130-8.png,130,5,2
502-130-9.png,130,5,2
502-130-10.png,130,5,2
502-140-0.png,140,5,2
502-150-0.png,150,5,2
502-160-0.png,160,5,2
502-170-0.png,170,5,2
502-170-1.png,170,5,2
502-170-2.png,170,5,2
502-170-3.png,170,5,2
502-170-4.png,170,5,2
502-170-5.png,170,5,2
502-170-6.png,170,5,2
502-180-0.png,180,5,2
502-180-1.png,180,5,2
502-180-2.png,180,5,2
502-180-3.png,180,5,2
502-180-4.png,180,5,2
502-180-5.png,180,5,2
502-190-0.png,190,5,2
502-200-0.png,200,5,2
502-200-1.png,200,5,2
502-200-2.png,200,5,2
502-200-3.png,200,5,2
502-210-0.png,210,5,2
502-220-0.png,220,5,2
502-220-1.png,220,5,2
502-220-2.png,220,5,2
502-220-3.png,220,5,2
502-220-4.png,220,5,2
502-230-0.png,230,5,2
502-250-0.png,250,5,2
502-290-0.png,290,5,2
502-330-0.png,330,5,2
503-090-0.png,90,5,3
503-090-1.png,90,5,3
503-090-2.png,90,5,3
503-090-3.png,90,5,3
503-100-0.png,100,5,3
503-100-1.png,100,5,3
503-100-2.png,100,5,3
503-100-3.png,100,5,3
503-100-4.png,100,5,3
503-110-0.png,110,5,3
503-110-1.png,110,5,3
503-110-2.png,110,5,3
503-120-0.png,120,5,3
503-120-1.png,120,5,3
503-120-2.png,120,5,3
503-120-3.png,120,5,3
503-130-0.png,130,5,3
503-130-1.png,130,5,3
503-130-2.png,130,5,3
503-130-3.png,130,5,3
503-140-0.png,140,5,3
503-140-1.png,140,5,3
503-140-2.png,140,5,3
503-140-3.png,140,5,3
503-150-0.png,150,5,3
503-150-1.png,150,5,3
503-150-2.png,150,5,3
503-150-3.png,150,5,3
503-150-4.png,150,5,3
503-150-5.png,150,5,3
503-150-6.png,150,5,3
503-150-7.png,150,5,3
503-150-8.png,150,5,3
503-150-9.png,150,5,3
503-160-0.png,160,5,3
503-170-0.png,170,5,3
503-180-0.png,180,5,3
503-190-0.png,190,5,3
503-190-1.png,190,5,3
503-190-2.png,190,5,3
503-190-3.png,190,5,3
503-200-0.png,200,5,3
503-200-1.png,200,5,3
503-200-2.png,200,5,3
503-210-0.png,210,5,3
503-210-1.png,210,5,3
503-220-0.png,220,5,3
503-220-1.png,220,5,3
503-220-2.png,220,5,3
503-230-0.png,230,5,3
503-240-0.png,240,5,3
503-240-1.png,240,5,3
503-250-0.png,250,5,3
503-270-0.png,270,5,3
503-300-0.png,300,5,3
503-370-0.png,370,5,3
504-090-0.png,90,5,4
504-090-1.png,90,5,4
504-100-0.png,100,5,4
504-110-0.png,110,5,4
504-110-1.png,110,5,4
504-110-2.png,110,5,4
504-110-3.png,110,5,4
504-120-0.png,120,5,4
504-120-1.png,120,5,4
504-120-2.png,120,5,4
504-120-3.png,120,5,4
504-120-4.png,120,5,4
504-120-5.png,120,5,4
504-120-6.png,120,5,4
504-130-0.png,130,5,4
504-130-1.png,130,5,4
504-130-2.png,130,5,4
504-140-0.png,140,5,4
504-140-1.png,140,5,4
504-140-2.png,140,5,4
504-140-3.png,140,5,4
504-140-4.png,140,5,4
504-140-5.png,140,5,4
504-140-6.png,140,5,4
504-140-7.png,140,5,4
504-140-8.png,140,5,4
504-140-9.png,140,5,4
504-140-10.png,140,5,4
504-140-11.png,140,5,4
504-150-0.png,150,5,4
504-150-1.png,150,5,4
504-150-2.png,150,5,4
504-150-3.png,150,5,4
504-150-4.png,150,5,4
504-150-5.png,150,5,4
504-150-6.png,150,5,4
504-150-7.png,150,5,4
504-160-0.png,160,5,4
504-170-0.png,170,5,4
504-170-1.png,170,5,4
504-170-2.png,170,5,4
504-170-3.png,170,5,4
504-170-4.png,170,5,4
504-170-5.png,170,5,4
504-170-6.png,170,5,4
504-170-7.png,170,5,4
504-170-8.png,170,5,4
504-170-9.png,170,5,4
504-170-10.png,170,5,4
504-170-11.png,170,5,4
504-170-12.png,170,5,4
504-170-13.png,170,5,4
504-170-14.png,170,5,4
504-170-15.png,170,5,4
504-180-0.png,180,5,4
504-180-1.png,180,5,4
504-180-2.png,180,5,4
504-180-3.png,180,5,4
504-190-0.png,190,5,4
504-190-1.png,190,5,4
504-200-0.png,200,5,4
504-200-1.png,200,5,4
504-200-2.png,200,5,4
504-200-3.png,200,5,4
504-200-4.png,200,5,4
504-210-0.png,210,5,4
504-210-1.png,210,5,4
504-220-0.png,220,5,4
504-220-1.png,220,5,4
504-220-2.png,220,5,4
504-230-0.png,230,5,4
504-230-1.png,230,5,4
504-240-0.png,240,5,4
504-240-1.png,240,5,4
504-240-2.png,240,5,4
504-250-0.png,250,5,4
504-250-1.png,250,5,4
504-250-2.png,250,5,4
504-260-0.png,260,5,4
504-320-0.png,320,5,4
505-090-0.png,90,5,5
505-100-0.png,100,5,5
505-100-1.png,100,5,5
505-100-2.png,100,5,5
505-100-3.png,100,5,5
505-100-4.png,100,5,5
505-100-5.png,100,5,5
505-100-6.png,100,5,5
505-110-0.png,110,5,5
505-110-1.png,110,5,5
505-120-0.png,120,5,5
505-120-1.png,120,5,5
505-120-2.png,120,5,5
505-120-3.png,120,5,5
505-120-4.png,120,5,5
505-120-5.png,120,5,5
505-120-6.png,120,5,5
505-120-7.png,120,5,5
505-120-8.png,120,5,5
505-120-9.png,120,5,5
505-120-10.png,120,5,5
505-120-11.png,120,5,5
505-120-12.png,120,5,5
505-130-0.png,130,5,5
505-130-1.png,130,5,5
505-130-2.png,130,5,5
505-130-3.png,130,5,5
505-130-4.png,130,5,5
505-130-5.png,130,5,5
505-130-6.png,130,5,5
505-130-7.png,130,5,5
505-130-8.png,130,5,5
505-130-9.png,130,5,5
505-130-10.png,130,5,5
505-130-11.png,130,5,5
505-130-12.png,130,5,5
505-140-0.png,140,5,5
505-140-1.png,140,5,5
505-140-2.png,140,5,5
505-140-3.png,140,5,5
505-140-4.png,140,5,5
505-140-5.png,140,5,5
505-140-6.png,140,5,5
505-140-7.png,140,5,5
505-140-8.png,140,5,5
505-140-9.png,140,5,5
505-140-10.png,140,5,5
505-150-0.png,150,5,5
505-150-1.png,150,5,5
505-150-2.png,150,5,5
505-150-3.png,150,5,5
505-150-4.png,150,5,5
505-150-5.png,150,5,5
505-160-0.png,160,5,5
505-160-1.png,160,5,5
505-160-2.png,160,5,5
505-160-3.png,160,5,5
505-170-0.png,170,5,5
505-170-1.png,170,5,5
505-180-0.png,180,5,5
505-180-1.png,180,5,5
505-190-0.png,190,5,5
505-190-1.png,190,5,5
505-190-2.png,190,5,5
505-190-3.png,190,5,5
505-190-4.png,190,5,5
505-200-0.png,200,5,5
505-200-1.png,200,5,5
505-200-2.png,200,5,5
505-210-0.png,210,5,5
505-220-0.png,220,5,5
505-220-1.png,220,5,5
505-220-2.png,220,5,5
505-220-3.png,220,5,5
505-220-4.png,220,5,5
505-230-0.png,230,5,5
505-230-1.png,230,5,5
505-230-2.png,230,5,5
505-240-0.png,240,5,5
505-250-0.png,250,5,5
505-250-1.png,250,5,5
505-250-2.png,250,5,5
505-250-3.png,250,5,5
505-260-0.png,260,5,5
505-260-1.png,260,5,5
505-270-0.png,270,5,5
505-270-1.png,270,5,5
505-270-2.png,270,5,5
505-300-0.png,300,5,5
506-090-0.png,90,5,6
506-100-0.png,100,5,6
506-100-1.png,100,5,6
506-100-2.png,100,5,6
506-100-3.png,100,5,6
506-100-4.png,100,5,6
506-110-0.png,110,5,6
506-110-1.png,110,5,6
506-110-2.png,110,5,6
506-110-3.png,110,5,6
506-110-4.png,110,5,6
506-110-5.png,110,5,6
506-110-6.png,110,5,6
506-110-7.png,110,5,6
506-120-0.png,120,5,6
506-120-1.png,120,5,6
506-120-2.png,120,5,6
506-130-0.png,130,5,6
506-130-1.png,130,5,6
506-130-2.png,130,5,6
506-130-3.png,130,5,6
506-130-4.png,130,5,6
506-130-5.png,130,5,6
506-130-6.png,130,5,6
506-130-7.png,130,5,6
506-130-8.png,130,5,6
506-140-0.png,140,5,6
506-140-1.png,140,5,6
506-140-2.png,140,5,6
506-140-3.png,140,5,6
506-140-4.png,140,5,6
506-140-5.png,140,5,6
506-140-6.png,140,5,6
506-140-7.png,140,5,6
506-140-8.png,140,5,6
506-140-9.png,140,5,6
506-140-10.png,140,5,6
506-140-11.png,140,5,6
506-140-12.png,140,5,6
506-140-13.png,140,5,6
506-150-0.png,150,5,6
506-150-1.png,150,5,6
506-150-2.png,150,5,6
506-150-3.png,150,5,6
506-150-4.png,150,5,6
506-150-5.png,150,5,6
506-150-6.png,150,5,6
506-150-7.png,150,5,6
506-160-0.png,160,5,6
506-160-1.png,160,5,6
506-170-0.png,170,5,6
506-170-1.png,170,5,6
506-170-2.png,170,5,6
506-170-3.png,170,5,6
506-170-4.png,170,5,6
506-170-5.png,170,5,6
506-170-6.png,170,5,6
506-180-0.png,180,5,6
506-180-1.png,180,5,6
506-180-2.png,180,5,6
506-180-3.png,180,5,6
506-180-4.png,180,5,6
506-180-5.png,180,5,6
506-180-6.png,180,5,6
506-180-7.png,180,5,6
506-180-8.png,180,5,6
506-180-9.png,180,5,6
506-190-0.png,190,5,6
506-190-1.png,190,5,6
506-190-2.png,190,5,6
506-190-3.png,190,5,6
506-190-4.png,190,5,6
506-190-5.png,190,5,6
506-190-6.png,190,5,6
506-190-7.png,190,5,6
506-190-8.png,190,5,6
506-190-9.png,190,5,6
506-190-10.png,190,5,6
506-190-11.png,190,5,6
506-200-0.png,200,5,6
506-200-1.png,200,5,6
506-200-2.png,200,5,6
506-200-3.png,200,5,6
506-200-4.png,200,5,6
506-210-0.png,210,5,6
506-210-1.png,210,5,6
506-210-2.png,210,5,6
506-210-3.png,210,5,6
506-220-0.png,220,5,6
506-220-1.png,220,5,6
506-220-2.png,220,5,6
506-220-3.png,220,5,6
506-220-4.png,220,5,6
506-220-5.png,220,5,6
506-220-6.png,220,5,6
506-230-0.png,230,5,6
506-230-1.png,230,5,6
506-230-2.png,230,5,6
506-230-3.png,230,5,6
506-230-4.png,230,5,6
506-230-5.png,230,5,6
506-230-6.png,230,5,6
506-240-0.png,240,5,6
506-240-1.png,240,5,6
506-240-2.png,240,5,6
506-240-3.png,240,5,6
506-240-4.png,240,5,6
506-250-0.png,250,5,6
506-250-1.png,250,5,6
506-250-2.png,250,5,6
506-260-0.png,260,5,6
506-270-0.png,270,5,6
506-270-1.png,270,5,6
506-280-0.png,280,5,6
506-280-1.png,280,5,6
506-300-0.png,300,5,6
506-330-0.png,330,5,6
507-090-0.png,90,5,7
507-100-0.png,100,5,7
507-100-1.png,100,5,7
507-110-0.png,110,5,7
507-110-1.png,110,5,7
507-110-2.png,110,5,7
507-110-3.png,110,5,7
507-120-0.png,120,5,7
507-120-1.png,120,5,7
507-130-0.png,130,5,7
507-130-1.png,130,5,7
507-130-2.png,130,5,7
507-130-3.png,130,5,7
507-130-4.png,130,5,7
507-130-5.png,130,5,7
507-130-6.png,130,5,7
507-130-7.png,130,5,7
507-140-0.png,140,5,7
507-140-1.png,140,5,7
507-140-2.png,140,5,7
507-140-3.png,140,5,7
507-140-4.png,140,5,7
507-140-5.png,140,5,7
507-140-6.png,140,5,7
507-150-0.png,150,5,7
507-150-1.png,150,5,7
507-150-2.png,150,5,7
507-150-3.png,150,5,7
507-150-4.png,150,5,7
507-150-5.png,150,5,7
507-150-6.png,150,5,7
507-150-7.png,150,5,7
507-150-8.png,150,5,7
507-150-9.png,150,5,7
507-150-10.png,150,5,7
507-150-11.png,150,5,7
507-150-12.png,150,5,7
507-150-13.png,150,5,7
507-150-14.png,150,5,7
507-150-15.png,150,5,7
507-150-16.png,150,5,7
507-150-17.png,150,5,7
507-150-18.png,150,5,7
507-160-0.png,160,5,7
507-160-1.png,160,5,7
507-160-2.png,160,5,7
507-160-3.png,160,5,7
507-160-4.png,160,5,7
507-160-5.png,160,5,7
507-160-6.png,160,5,7
507-170-0.png,170,5,7
507-170-1.png,170,5,7
507-170-2.png,170,5,7
507-170-3.png,170,5,7
507-170-4.png,170,5,7
507-180-0.png,180,5,7
507-180-1.png,180,5,7
507-180-2.png,180,5,7
507-180-3.png,180,5,7
507-180-4.png,180,5,7
507-190-0.png,190,5,7
507-190-1.png,190,5,7
507-190-2.png,190,5,7
507-190-3.png,190,5,7
507-190-4.png,190,5,7
507-200-0.png,200,5,7
507-200-1.png,200,5,7
507-200-2.png,200,5,7
507-200-3.png,200,5,7
507-200-4.png,200,5,7
507-200-5.png,200,5,7
507-210-0.png,210,5,7
507-210-1.png,210,5,7
507-210-2.png,210,5,7
507-210-3.png,210,5,7
507-210-4.png,210,5,7
507-220-0.png,220,5,7
507-220-1.png,220,5,7
507-220-2.png,220,5,7
507-220-3.png,220,5,7
507-220-4.png,220,5,7
507-220-5.png,220,5,7
507-220-6.png,220,5,7
507-220-7.png,220,5,7
507-220-8.png,220,5,7
507-220-9.png,220,5,7
507-220-10.png,220,5,7
507-230-0.png,230,5,7
507-230-1.png,230,5,7
507-240-0.png,240,5,7
507-240-1.png,240,5,7
507-250-0.png,250,5,7
507-250-1.png,250,5,7
507-250-2.png,250,5,7
507-260-0.png,260,5,7
507-260-1.png,260,5,7
507-270-0.png,270,5,7
507-280-0.png,280,5,7
507-310-0.png,310,5,7
507-320-0.png,320,5,7
507-370-0.png,370,5,7
507-370-1.png,370,5,7
507-380-0.png,380,5,7
508-100-0.png,100,5,8
508-100-1.png,100,5,8
508-100-2.png,100,5,8
508-100-3.png,100,5,8
508-110-0.png,110,5,8
508-110-1.png,110,5,8
508-110-2.png,110,5,8
508-120-0.png,120,5,8
508-130-0.png,130,5,8
508-130-1.png,130,5,8
508-130-2.png,130,5,8
508-130-3.png,130,5,8
508-130-4.png,130,5,8
508-130-5.png,130,5,8
508-140-0.png,140,5,8
508-140-1.png,140,5,8
508-140-2.png,140,5,8
508-140-3.png,140,5,8
508-140-4.png,140,5,8
508-140-5.png,140,5,8
508-140-6.png,140,5,8
508-140-7.png,140,5,8
508-150-0.png,150,5,8
508-150-1.png,150,5,8
508-150-2.png,150,5,8
508-150-3.png,150,5,8
508-150-4.png,150,5,8
508-150-5.png,150,5,8
508-150-6.png,150,5,8
508-150-7.png,150,5,8
508-150-8.png,150,5,8
508-150-9.png,150,5,8
508-150-10.png,150,5,8
508-160-0.png,160,5,8
508-160-1.png,160,5,8
508-160-2.png,160,5,8
508-160-3.png,160,5,8
508-170-0.png,170,5,8
508-170-1.png,170,5,8
508-170-2.png,170,5,8
508-170-3.png,170,5,8
508-170-4.png,170,5,8
508-170-5.png,170,5,8
508-170-6.png,170,5,8
508-170-7.png,170,5,8
508-170-8.png,170,5,8
508-170-9.png,170,5,8
508-170-10.png,170,5,8
508-170-11.png,170,5,8
508-170-12.png,170,5,8
508-170-13.png,170,5,8
508-170-14.png,170,5,8
508-180-0.png,180,5,8
508-180-1.png,180,5,8
508-180-2.png,180,5,8
508-180-3.png,180,5,8
508-180-4.png,180,5,8
508-180-5.png,180,5,8
508-190-0.png,190,5,8
508-190-1.png,190,5,8
508-190-2.png,190,5,8
508-200-0.png,200,5,8
508-200-1.png,200,5,8
508-200-2.png,200,5,8
508-200-3.png,200,5,8
508-200-4.png,200,5,8
508-210-0.png,210,5,8
508-210-1.png,210,5,8
508-220-0.png,220,5,8
508-220-1.png,220,5,8
508-220-2.png,220,5,8
508-230-0.png,230,5,8
508-230-1.png,230,5,8
508-240-0.png,240,5,8
508-240-1.png,240,5,8
508-240-2.png,240,5,8
508-250-0.png,250,5,8
508-250-1.png,250,5,8
508-250-2.png,250,5,8
508-250-3.png,250,5,8
508-260-0.png,260,5,8
508-270-0.png,270,5,8
508-270-1.png,270,5,8
508-270-2.png,270,5,8
508-280-0.png,280,5,8
508-290-0.png,290,5,8
508-300-0.png,300,5,8
508-300-1.png,300,5,8
508-330-0.png,330,5,8
508-350-0.png,350,5,8
509-100-0.png,100,5,9
509-100-1.png,100,5,9
509-100-2.png,100,5,9
509-110-0.png,110,5,9
509-110-1.png,110,5,9
509-120-0.png,120,5,9
509-120-1.png,120,5,9
509-130-0.png,130,5,9
509-130-1.png,130,5,9
509-130-2.png,130,5,9
509-130-3.png,130,5,9
509-130-4.png,130,5,9
509-130-5.png,130,5,9
509-140-0.png,140,5,9
509-140-1.png,140,5,9
509-140-2.png,140,5,9
509-150-0.png,150,5,9
509-160-0.png,160,5,9
509-160-1.png,160,5,9
509-160-2.png,160,5,9
509-160-3.png,160,5,9
509-160-4.png,160,5,9
509-160-5.png,160,5,9
509-160-6.png,160,5,9
509-170-0.png,170,5,9
509-170-1.png,170,5,9
509-170-2.png,170,5,9
509-180-0.png,180,5,9
509-180-1.png,180,5,9
509-180-2.png,180,5,9
509-180-3.png,180,5,9
509-190-0.png,190,5,9
509-190-1.png,190,5,9
509-200-0.png,200,5,9
509-200-1.png,200,5,9
509-210-0.png,210,5,9
509-220-0.png,220,5,9
509-220-1.png,220,5,9
509-220-2.png,220,5,9
509-220-3.png,220,5,9
509-220-4.png,220,5,9
509-220-5.png,220,5,9
509-230-0.png,230,5,9
509-230-1.png,230,5,9
509-240-0.png,240,5,9
509-240-1.png,240,5,9
509-250-0.png,250,5,9
509-260-0.png,260,5,9
509-260-1.png,260,5,9
509-270-0.png,270,5,9
509-270-1.png,270,5,9
509-270-2.png,270,5,9
509-300-0.png,300,5,9
509-310-0.png,310,5,9
509-320-0.png,320,5,9
510-110-0.png,110,5,10
510-120-0.png,120,5,10
510-130-0.png,130,5,10
510-130-1.png,130,5,10
510-130-2.png,130,5,10
510-130-3.png,130,5,10
510-130-4.png,130,5,10
510-130-5.png,130,5,10
510-130-6.png,130,5,10
510-130-7.png,130,5,10
510-130-8.png,130,5,10
510-140-0.png,140,5,10
510-140-1.png,140,5,10
510-140-2.png,140,5,10
510-140-3.png,140,5,10
510-140-4.png,140,5,10
510-140-5.png,140,5,10
510-150-0.png,150,5,10
510-150-1.png,150,5,10
510-150-2.png,150,5,10
510-150-3.png,150,5,10
510-150-4.png,150,5,10
510-150-5.png,150,5,10
510-150-6.png,150,5,10
510-150-7.png,150,5,10
510-150-8.png,150,5,10
510-150-9.png,150,5,10
510-150-10.png,150,5,10
510-150-11.png,150,5,10
510-160-0.png,160,5,10
510-160-1.png,160,5,10
510-160-2.png,160,5,10
510-160-3.png,160,5,10
510-160-4.png,160,5,10
510-160-5.png,160,5,10
510-160-6.png,160,5,10
510-160-7.png,160,5,10
510-170-0.png,170,5,10
510-170-1.png,170,5,10
510-170-2.png,170,5,10
510-180-0.png,180,5,10
510-180-1.png,180,5,10
510-180-2.png,180,5,10
510-180-3.png,180,5,10
510-190-0.png,190,5,10
510-190-1.png,190,5,10
510-190-2.png,190,5,10
510-190-3.png,190,5,10
510-200-0.png,200,5,10
510-200-1.png,200,5,10
510-200-2.png,200,5,10
510-210-0.png,210,5,10
510-220-0.png,220,5,10
510-220-1.png,220,5,10
510-230-0.png,230,5,10
510-230-1.png,230,5,10
510-230-2.png,230,5,10
510-230-3.png,230,5,10
510-230-4.png,230,5,10
510-230-5.png,230,5,10
510-230-6.png,230,5,10
510-230-7.png,230,5,10
510-240-0.png,240,5,10
510-240-1.png,240,5,10
510-240-2.png,240,5,10
510-250-0.png,250,5,10
510-260-0.png,260,5,10
510-270-0.png,270,5,10
510-270-1.png,270,5,10
510-270-2.png,270,5,10
510-270-3.png,270,5,10
510-280-0.png,280,5,10
510-300-0.png,300,5,10
511-110-0.png,110,5,11
511-120-0.png,120,5,11
511-130-0.png,130,5,11
511-130-1.png,130,5,11
511-130-2.png,130,5,11
511-130-3.png,130,5,11
511-130-4.png,130,5,11
511-130-5.png,130,5,11
511-140-0.png,140,5,11
511-140-1.png,140,5,11
511-150-0.png,150,5,11
511-150-1.png,150,5,11
511-160-0.png,160,5,11
511-160-1.png,160,5,11
511-160-2.png,160,5,11
511-160-3.png,160,5,11
511-170-0.png,170,5,11
511-170-1.png,170,5,11
511-170-2.png,170,5,11
511-170-3.png,170,5,11
511-180-0.png,180,5,11
511-180-1.png,180,5,11
511-180-2.png,180,5,11
511-180-3.png,180,5,11
511-180-4.png,180,5,11
511-180-5.png,180,5,11
511-180-6.png,180,5,11
511-180-7.png,180,5,11
511-180-8.png,180,5,11
511-180-9.png,180,5,11
511-180-10.png,180,5,11
511-180-11.png,180,5,11
511-180-12.png,180,5,11
511-180-13.png,180,5,11
511-180-14.png,180,5,11
511-180-15.png,180,5,11
511-180-16.png,180,5,11
511-180-17.png,180,5,11
511-180-18.png,180,5,11
511-180-19.png,180,5,11
511-180-20.png,180,5,11
511-180-21.png,180,5,11
511-190-0.png,190,5,11
511-190-1.png,190,5,11
511-190-2.png,190,5,11
511-190-3.png,190,5,11
511-190-4.png,190,5,11
511-200-0.png,200,5,11
511-200-1.png,200,5,11
511-200-2.png,200,5,11
511-200-3.png,200,5,11
511-210-0.png,210,5,11
511-210-1.png,210,5,11
511-220-0.png,220,5,11
511-220-1.png,220,5,11
511-220-2.png,220,5,11
511-220-3.png,220,5,11
511-230-0.png,230,5,11
511-230-1.png,230,5,11
511-230-2.png,230,5,11
511-230-3.png,230,5,11
511-240-0.png,240,5,11
511-240-1.png,240,5,11
511-250-0.png,250,5,11
511-250-1.png,250,5,11
511-250-2.png,250,5,11
511-260-0.png,260,5,11
511-270-0.png,270,5,11
511-270-1.png,270,5,11
511-280-0.png,280,5,11
511-280-1.png,280,5,11
511-290-0.png,290,5,11
511-290-1.png,290,5,11
511-300-0.png,300,5,11
511-310-0.png,310,5,11
511-360-0.png,360,5,11
511-370-0.png,370,5,11
600-120-0.png,120,6,0
600-120-1.png,120,6,0
600-130-0.png,130,6,0
600-130-1.png,130,6,0
600-140-0.png,140,6,0
600-150-0.png,150,6,0
600-160-0.png,160,6,0
600-160-1.png,160,6,0
600-170-0.png,170,6,0
600-170-1.png,170,6,0
600-170-2.png,170,6,0
600-170-3.png,170,6,0
600-170-4.png,170,6,0
600-180-0.png,180,6,0
600-180-1.png,180,6,0
600-180-2.png,180,6,0
600-180-3.png,180,6,0
600-180-4.png,180,6,0
600-180-5.png,180,6,0
600-190-0.png,190,6,0
600-190-1.png,190,6,0
600-190-2.png,190,6,0
600-200-0.png,200,6,0
600-200-1.png,200,6,0
600-200-2.png,200,6,0
600-200-3.png,200,6,0
600-200-4.png,200,6,0
600-210-0.png,210,6,0
600-210-1.png,210,6,0
600-210-2.png,210,6,0
600-220-0.png,220,6,0
600-220-1.png,220,6,0
600-230-0.png,230,6,0
600-230-1.png,230,6,0
600-230-2.png,230,6,0
600-230-3.png,230,6,0
600-240-0.png,240,6,0
600-240-1.png,240,6,0
600-240-2.png,240,6,0
600-240-3.png,240,6,0
600-240-4.png,240,6,0
600-250-0.png,250,6,0
600-250-1.png,250,6,0
600-260-0.png,260,6,0
600-270-0.png,270,6,0
600-270-1.png,270,6,0
600-270-2.png,270,6,0
600-280-0.png,280,6,0
600-290-0.png,290,6,0
600-300-0.png,300,6,0
600-310-0.png,310,6,0
600-320-0.png,320,6,0
600-320-1.png,320,6,0
600-320-2.png,320,6,0
600-330-0.png,330,6,0
600-340-0.png,340,6,0
600-350-0.png,350,6,0
601-130-0.png,130,6,1
601-130-1.png,130,6,1
601-140-0.png,140,6,1
601-150-0.png,150,6,1
601-150-1.png,150,6,1
601-160-0.png,160,6,1
601-160-1.png,160,6,1
601-160-2.png,160,6,1
601-170-0.png,170,6,1
601-170-1.png,170,6,1
601-170-2.png,170,6,1
601-170-3.png,170,6,1
601-180-0.png,180,6,1
601-180-1.png,180,6,1
601-180-2.png,180,6,1
601-180-3.png,180,6,1
601-180-4.png,180,6,1
601-190-0.png,190,6,1
601-190-1.png,190,6,1
601-190-2.png,190,6,1
601-190-3.png,190,6,1
601-190-4.png,190,6,1
601-200-0.png,200,6,1
601-200-1.png,200,6,1
601-210-0.png,210,6,1
601-220-0.png,220,6,1
601-220-1.png,220,6,1
601-220-2.png,220,6,1
601-220-3.png,220,6,1
601-220-4.png,220,6,1
601-230-0.png,230,6,1
601-240-0.png,240,6,1
601-250-0.png,250,6,1
601-260-0.png,260,6,1
601-260-1.png,260,6,1
601-260-2.png,260,6,1
601-270-0.png,270,6,1
601-280-0.png,280,6,1
601-290-0.png,290,6,1
601-300-0.png,300,6,1
601-300-1.png,300,6,1
601-310-0.png,310,6,1
601-320-0.png,320,6,1
601-380-0.png,380,6,1
602-130-0.png,130,6,2
602-140-0.png,140,6,2
602-140-1.png,140,6,2
602-150-0.png,150,6,2
602-160-0.png,160,6,2
602-170-0.png,170,6,2
602-180-0.png,180,6,2
602-190-0.png,190,6,2
602-200-0.png,200,6,2
602-200-1.png,200,6,2
602-200-2.png,200,6,2
602-200-3.png,200,6,2
602-210-0.png,210,6,2
602-220-0.png,220,6,2
602-220-1.png,220,6,2
602-220-2.png,220,6,2
602-220-3.png,220,6,2
602-230-0.png,230,6,2
602-240-0.png,240,6,2
602-240-1.png,240,6,2
602-250-0.png,250,6,2
602-250-1.png,250,6,2
602-270-0.png,270,6,2
602-290-0.png,290,6,2
603-140-0.png,140,6,3
603-150-0.png,150,6,3
603-150-1.png,150,6,3
603-160-0.png,160,6,3
603-160-1.png,160,6,3
603-160-2.png,160,6,3
603-170-0.png,170,6,3
603-170-1.png,170,6,3
603-180-0.png,180,6,3
603-190-0.png,190,6,3
603-190-1.png,190,6,3
603-200-0.png,200,6,3
603-200-1.png,200,6,3
603-200-2.png,200,6,3
603-210-0.png,210,6,3
603-220-0.png,220,6,3
603-220-1.png,220,6,3
603-230-0.png,230,6,3
603-240-0.png,240,6,3
603-240-1.png,240,6,3
603-240-2.png,240,6,3
603-240-3.png,240,6,3
603-240-4.png,240,6,3
603-250-0.png,250,6,3
603-260-0.png,260,6,3
603-310-0.png,310,6,3
603-310-1.png,310,6,3
603-320-0.png,320,6,3
603-320-1.png,320,6,3
603-320-2.png,320,6,3
603-350-0.png,350,6,3
604-120-0.png,120,6,4
604-140-0.png,140,6,4
604-150-0.png,150,6,4
604-150-1.png,150,6,4
604-160-0.png,160,6,4
604-160-1.png,160,6,4
604-170-0.png,170,6,4
604-170-1.png,170,6,4
604-180-0.png,180,6,4
604-190-0.png,190,6,4
604-190-1.png,190,6,4
604-190-2.png,190,6,4
604-200-0.png,200,6,4
604-210-0.png,210,6,4
604-210-1.png,210,6,4
604-210-2.png,210,6,4
604-210-3.png,210,6,4
604-210-4.png,210,6,4
604-220-0.png,220,6,4
604-230-0.png,230,6,4
604-240-0.png,240,6,4
604-250-0.png,250,6,4
604-260-0.png,260,6,4
604-260-1.png,260,6,4
604-260-2.png,260,6,4
604-270-0.png,270,6,4
604-280-0.png,280,6,4
604-290-0.png,290,6,4
604-290-1.png,290,6,4
604-320-0.png,320,6,4
605-140-0.png,140,6,5
605-150-0.png,150,6,5
605-160-0.png,160,6,5
605-160-1.png,160,6,5
605-170-0.png,170,6,5
605-180-0.png,180,6,5
605-200-0.png,200,6,5
605-210-0.png,210,6,5
605-210-1.png,210,6,5
605-220-0.png,220,6,5
605-220-1.png,220,6,5
605-220-2.png,220,6,5
605-230-0.png,230,6,5
605-230-1.png,230,6,5
605-240-0.png,240,6,5
605-250-0.png,250,6,5
605-260-0.png,260,6,5
605-270-0.png,270,6,5
605-280-0.png,280,6,5
605-280-1.png,280,6,5
605-280-2.png,280,6,5
605-280-3.png,280,6,5
605-280-4.png,280,6,5
605-280-5.png,280,6,5
605-300-0.png,300,6,5
606-180-0.png,180,6,6
606-180-1.png,180,6,6
606-190-0.png,190,6,6
606-210-0.png,210,6,6
606-220-0.png,220,6,6
606-230-0.png,230,6,6
606-240-0.png,240,6,6
606-250-0.png,250,6,6
606-260-0.png,260,6,6
606-290-0.png,290,6,6
606-330-0.png,330,6,6
606-330-1.png,330,6,6
606-370-0.png,370,6,6
606-380-0.png,380,6,6
607-170-0.png,170,6,7
607-210-0.png,210,6,7
607-300-0.png,300,6,7
608-180-0.png,180,6,8
608-240-0.png,240,6,8
608-260-0.png,260,6,8
608-260-1.png,260,6,8
611-490-0.png,490,6,11
akshay1.png,180,5,10
akshay2.png,180,5,10
akshay3.png,180,5,10
akshay4.png,180,5,10
akshay6.png,180,5,10
arshad3.png,150,5,6
ja1.png,210,6,0
ja3.png,210,6,0
ja4.png,210,6,0
ja5.png,210,6,0
kalki1.png,120,5,7
kalki15.png,120,5,7
nawaz1.png,130,5,6
pankaj2.png,150,5,9
salman17.png,170,5,9
drake1.png,170,5,11
drake2.png,170,5,11
drake3.png,170,5,11
drake4.png,170,5,11
drake5.png,170,5,11
johnmayer1.png,176,6,2
johnmayer2.png,176,6,2
johnmayer3.png,176,6,2
johnmayer4.png,176,6,2
johnmayer5.png,176,6,2
carly1.png,102,5,2
carly2.png,102,5,2
carly3.png,102,5,2
carly4.png,102,5,2
carly5.png,102,5,2
sierra1.png,190,5,5
sierra2.png,190,5,5
sierra3.png,190,5,5
sierra4.png,190,5,5
sierra5.png,190,5,5